id,name,sex
0,Emma,girl
1,Sophia,girl
2,Olivia,girl
3,Noah,boy
4,Isabella,girl
5,Jacob,boy
6,Mason,boy
7,Liam,boy
8,William,boy
9,Ava,girl
10,Ethan,boy
11,Michael,boy
12,Alexander,boy
13,James,boy
14,Daniel,boy
15,Elijah,boy
16,Aiden,boy
17,Jayden,boy
18,Benjamin,boy
19,Matthew,boy
20,Mia,girl
21,Logan,boy
22,Emily,girl
23,Abigail,girl
24,David,boy
25,Joseph,boy
26,Anthony,boy
27,Jackson,boy
28,Lucas,boy
29,Joshua,boy
30,Andrew,boy
31,Gabriel,boy
32,Samuel,boy
33,Christopher,boy
34,Madison,girl
35,John,boy
36,Dylan,boy
37,Ryan,boy
38,Isaac,boy
39,Elizabeth,girl
40,Carter,boy
41,Charlotte,girl
42,Luke,boy
43,Nathan,boy
44,Caleb,boy
45,Owen,boy
46,Chloe,girl
47,Christian,boy
48,Henry,boy
49,Oliver,boy
50,Wyatt,boy
51,Ella,girl
52,Jonathan,boy
53,Amelia,girl
54,Landon,boy
55,Avery,girl
56,Jack,boy
57,Sofia,girl
58,Sebastian,boy
59,Evelyn,girl
60,Harper,girl
61,Hunter,boy
62,Isaiah,boy
63,Julian,boy
64,Addison,girl
65,Levi,boy
66,Grace,girl
67,Aaron,boy
68,Natalie,girl
69,Eli,boy
70,Brayden,boy
71,Victoria,girl
72,Nicholas,boy
73,Lily,girl
74,Connor,boy
75,Charles,boy
76,Thomas,boy
77,Evan,boy
78,Aubrey,girl
79,Jeremiah,boy
80,Gavin,boy
81,Cameron,boy
82,Jordan,boy
83,Adrian,boy
84,Lillian,girl
85,Jaxon,boy
86,Zoey,girl
87,Hannah,girl
88,Angel,boy
89,Tyler,boy
90,Robert,boy
91,Brooklyn,girl
92,Layla,girl
93,Austin,boy
94,Samantha,girl
95,Grayson,boy
96,Josiah,boy
97,Brandon,boy
98,Zoe,girl
99,Colton,boy
100,Jose,boy
101,Leah,girl
102,Dominic,boy
103,Kevin,boy
104,Zachary,boy
105,Riley,girl
106,Scarlett,girl
107,Chase,boy
108,Ian,boy
109,Anna,girl
110,Jason,boy
111,Savannah,girl
112,Camila,girl
113,Ayden,boy
114,Audrey,girl
115,Allison,girl
116,Adam,boy
117,Parker,boy
118,Gabriella,girl
119,Hailey,girl
120,Cooper,boy
121,Justin,boy
122,Xavier,boy
123,Sarah,girl
124,Claire,girl
125,Aaliyah,girl
126,Kaylee,girl
127,Nolan,boy
128,Jace,boy
129,Hudson,boy
130,Nevaeh,girl
131,Carson,boy
132,Aria,girl
133,Bentley,boy
134,Alexis,girl
135,Lincoln,boy
136,Blake,boy
137,Alexa,girl
138,Easton,boy
139,Arianna,girl
140,Nathaniel,boy
141,Asher,boy
142,Penelope,girl
143,Alyssa,girl
144,Bella,girl
145,Stella,girl
146,Ariana,girl
147,Peyton,girl
148,Taylor,girl
149,Mateo,boy
150,Lucy,girl
151,Jaxson,boy
152,Ashley,girl
153,Tristan,boy
154,Luis,boy
155,Brianna,girl
156,Ellie,girl
157,Brody,boy
158,Genesis,girl
159,Kayden,boy
160,Nora,girl
161,Maya,girl
162,Madelyn,girl
163,Juan,boy
164,Serenity,girl
165,Caroline,girl
166,Kylie,girl
167,Violet,girl
168,Kennedy,girl
169,Skylar,girl
170,Autumn,girl
171,Bryson,boy
172,Leo,boy
173,Sadie,girl
174,Julia,girl
175,Cole,boy
176,Vincent,boy
177,Mackenzie,girl
178,Elias,boy
179,Ryder,boy
180,Khloe,girl
181,Carlos,boy
182,Sophie,girl
183,Micah,boy
184,Katherine,girl
185,Paisley,girl
186,Jesus,boy
187,Mila,girl
188,Max,boy
189,Eva,girl
190,Naomi,girl
191,Damian,boy
192,Eleanor,girl
193,Gianna,girl
194,Miles,boy
195,Melanie,girl
196,Alex,boy
197,Diego,boy
198,Aubree,girl
199,Faith,girl
200,Eric,boy
201,Maxwell,boy
202,Kayla,girl
203,Santiago,boy
204,Piper,girl
205,Madeline,girl
206,Leonardo,boy
207,Sawyer,boy
208,Lydia,girl
209,Alexandra,girl
210,Ruby,girl
211,Ezra,boy
212,Roman,boy
213,Lauren,girl
214,Hayden,boy
215,Theodore,boy
216,Annabelle,girl
217,Makayla,girl
218,Jasmine,girl
219,Giovanni,boy
220,Bryce,boy
221,Sydney,girl
222,Camden,boy
223,Ivan,boy
224,Bailey,girl
225,Morgan,girl
226,Braxton,boy
227,Ashton,boy
228,Kimberly,girl
229,Greyson,boy
230,Wesley,boy
231,Timothy,boy
232,Antonio,boy
233,Maria,girl
234,Hazel,girl
235,Alice,girl
236,Isabelle,girl
237,Declan,boy
238,Reagan,girl
239,Jocelyn,girl
240,London,girl
241,Axel,boy
242,Andrea,girl
243,Trinity,girl
244,Rylee,girl
245,Steven,boy
246,Bryan,boy
247,Jonah,boy
248,Richard,boy
249,Miguel,boy
250,Kaiden,boy
251,Silas,boy
252,Aidan,boy
253,Kaleb,boy
254,Aurora,girl
255,George,boy
256,Natalia,girl
257,Molly,girl
258,Colin,boy
259,Jaden,boy
260,Victor,boy
261,Harrison,boy
262,Joel,boy
263,Weston,boy
264,Vivian,girl
265,Preston,boy
266,Patrick,boy
267,Alejandro,boy
268,Kaden,boy
269,Jade,girl
270,Elena,girl
271,Kyle,boy
272,Liliana,girl
273,Mary,girl
274,Brian,boy
275,Ezekiel,boy
276,Eliana,girl
277,Edward,boy
278,Brooke,girl
279,Clara,girl
280,Jesse,boy
281,Quinn,girl
282,Cora,girl
283,Marcus,boy
284,Emmanuel,boy
285,Maddox,boy
286,Brielle,girl
287,Payton,girl
288,Riley,boy
289,Lilly,girl
290,Jude,boy
291,Hadley,girl
292,Valentina,girl
293,Alan,boy
294,Mariah,girl
295,Jeremy,boy
296,Paige,girl
297,Grant,boy
298,Jameson,boy
299,Malachi,boy
300,Nicole,girl
301,Luna,girl
302,Mya,girl
303,Everett,boy
304,Caden,boy
305,Jordyn,girl
306,Emmett,boy
307,Sean,boy
308,Brady,boy
309,Jayce,boy
310,Kinsley,girl
311,Kingston,boy
312,Jake,boy
313,Delilah,girl
314,Destiny,girl
315,Kai,boy
316,Brantley,boy
317,Willow,girl
318,Isabel,girl
319,Oscar,boy
320,Abel,boy
321,Lyla,girl
322,Bennett,boy
323,Angelina,girl
324,Rachel,girl
325,Kendall,girl
326,Ryker,boy
327,Josephine,girl
328,Abraham,boy
329,Calvin,boy
330,Mark,boy
331,Valeria,girl
332,Sara,girl
333,Bradley,boy
334,Tucker,boy
335,Vanessa,girl
336,Nicolas,boy
337,Cayden,boy
338,Kenneth,boy
339,Luca,boy
340,Kaitlyn,girl
341,Mckenzie,girl
342,Adeline,girl
343,Amy,girl
344,Aliyah,girl
345,Reese,girl
346,Gabrielle,girl
347,Laila,girl
348,Juliana,girl
349,Ivy,girl
350,Avery,boy
351,Ximena,girl
352,Jessica,girl
353,Brooklynn,girl
354,Gracie,girl
355,Paul,boy
356,Eden,girl
357,Ariel,girl
358,Adriana,girl
359,Emilia,girl
360,Margaret,girl
361,Derek,boy
362,Isla,girl
363,Valerie,girl
364,Katelyn,girl
365,Gage,boy
366,King,boy
367,Jase,boy
368,Adalynn,girl
369,Melody,girl
370,Maximus,boy
371,Maverick,boy
372,Elise,girl
373,Adalyn,girl
374,Peter,boy
375,Tanner,boy
376,Jorge,boy
377,Michelle,girl
378,Emery,girl
379,Andres,boy
380,Graham,boy
381,Omar,boy
382,Amir,boy
383,Rylan,boy
384,Rebecca,girl
385,Xander,boy
386,Gael,boy
387,Devin,boy
388,Daisy,girl
389,Cody,boy
390,Zayden,boy
391,Peyton,boy
392,Catherine,girl
393,Alaina,girl
394,Javier,boy
395,Makenzie,girl
396,Stephanie,girl
397,Ryleigh,girl
398,Jayla,girl
399,Collin,boy
400,Lila,girl
401,Norah,girl
402,Izabella,girl
403,Londyn,girl
404,Elliot,boy
405,Summer,girl
406,Eduardo,boy
407,Zane,boy
408,Julianna,girl
409,Jennifer,girl
410,Conner,boy
411,Daniela,girl
412,Alana,girl
413,Kylee,girl
414,Hayden,girl
415,Jaiden,boy
416,Corbin,boy
417,Giselle,girl
418,Myles,boy
419,Finn,boy
420,Dean,boy
421,Zion,boy
422,Eliza,girl
423,Angela,girl
424,Seth,boy
425,Athena,girl
426,Leilani,girl
427,Charlie,boy
428,Jasper,boy
429,Harmony,girl
430,Elliott,boy
431,Alivia,girl
432,Travis,boy
433,Francisco,boy
434,Griffin,boy
435,Rowan,boy
436,Damien,boy
437,Israel,boy
438,Lukas,boy
439,Rose,girl
440,Cecilia,girl
441,Emerson,girl
442,Garrett,boy
443,Trevor,boy
444,Cristian,boy
445,Presley,girl
446,Kate,girl
447,Esther,girl
448,Callie,girl
449,Paxton,boy
450,Beau,boy
451,Melissa,girl
452,Josue,boy
453,Karter,boy
454,Genevieve,girl
455,Erick,boy
456,Everly,girl
457,Stephen,boy
458,Gabriela,girl
459,Fiona,girl
460,Simon,boy
461,Alexandria,girl
462,Alina,girl
463,Lorenzo,boy
464,Jax,boy
465,Amaya,girl
466,Arabella,girl
467,Ricardo,boy
468,Emiliano,boy
469,Chance,boy
470,Judah,boy
471,Teagan,girl
472,Fernando,boy
473,Keira,girl
474,Alayna,girl
475,Ana,girl
476,Spencer,boy
477,Kinley,girl
478,Aniyah,girl
479,Manuel,boy
480,Marley,girl
481,Zander,boy
482,Haley,girl
483,Waylon,boy
484,Adelyn,girl
485,Lucia,girl
486,Tessa,girl
487,Lola,girl
488,Iker,boy
489,Andre,boy
490,Clayton,boy
491,August,boy
492,Keegan,boy
493,Beckett,boy
494,Adrianna,girl
495,Jacqueline,girl
496,Kameron,boy
497,Charlie,girl
498,Jordan,girl
499,Finley,girl
500,Diana,girl
